<?xml version="1.0" encoding="utf-8" standalone="no"?>
<modDesc descVersion="43">
    <author>VITALI-Fabian Modding</author>
    <version>1.0.0.0</version>
    <title>
        <en>Ravizza Millenium 7200</en>
        <de>Ravizza Millenium 7200</de>
        <fr>Ravizza Millenium 7200</fr>
    </title>
    <description>
        <en><![CDATA[Price: 60000 €
Capacity: 42000 l
Maintenance: 20 € / day
]]></en>
        <de><![CDATA[Preis: 60000 €
Kapazität: 42000 l
Unterhaltskosten: 20 € / Tag
]]></de>
        <fr><![CDATA[Prix: 60000 €
Capacité : 42000 l
Entretien : 20 € / jour
]]></fr>
    </description>
    <iconFilename>store.png</iconFilename>
    <multiplayer supported="true"/>
    <storeItems>
        <storeItem xmlFilename="Ravizza.xml"/>
        <storeItem xmlFilename="Ravizzajcb.xml"/>
        <storeItem xmlFilename="Ravizzavb.xml"/>
        <storeItem xmlFilename="Ravizzavg.xml"/>
    </storeItems>
    <brands>
        <brand name="RAVIZZA" title="RAVIZZA" image="brand_ravizza.dds"/>
    </brands>
</modDesc>
