<?xml version="1.0" encoding="utf-8" standalone="no"?>
<vehicle type="trailer">
    <annotation>Copyright (C) BM-Modding, All Rights Reserved.</annotation>
    <storeData>
        <name>Ravizza jcb</name>
        <functions>
            <function>$l10n_function_tipper</function>
        </functions>
        <image>store.png</image>
        <price>60000</price>
        <lifetime>600</lifetime>
        <rotation>0</rotation>
        <brand>RAVIZZA</brand>
        <category>tippers</category>
        <vertexBufferMemoryUsage>1321016</vertexBufferMemoryUsage>
        <indexBufferMemoryUsage>207582</indexBufferMemoryUsage>
        <textureMemoryUsage>21081352</textureMemoryUsage>
        <instanceVertexBufferMemoryUsage>0</instanceVertexBufferMemoryUsage>
        <instanceIndexBufferMemoryUsage>0</instanceIndexBufferMemoryUsage>
    </storeData>
    <base>
        <typeDesc>$l10n_typeDesc_tipper</typeDesc>
        <filename>Ravizzajcb.i3d</filename>
        <size width="3.5" length="8.5" lengthOffset="0.7"/>
        <components>
            <component centerOfMass="0.00 1.13 -0.0" solverIterationCount="15"/>
        </components>
        <schemaOverlay attacherJointPosition="0 0">
            <default name="DEFAULT_IMPLEMENT"/>
            <selected name="DEFAULT_IMPLEMENT_SELECTED"/>
        </schemaOverlay>
    </base>
    <wheels>
        <wheelConfigurations>
            <wheelConfiguration name="$l10n_configuration_valueDefault" price="0" brand="TRELLEBORG">
                <wheels autoRotateBackSpeed="2.0">
                    <wheel filename="wheels/TwinRadial/560_60R22_5.xml" isLeft="false" hasParticles="true">
                        <physics restLoad="0.9" repr="0" driveNode="0|0" radius="0.65" initialCompression="20" suspTravel="0.2" spring="35" damper="50"/>
                    </wheel>
             
                    <wheel filename="wheels/TwinRadial/560_60R22_5.xml" isLeft="true" hasParticles="true">
                        <physics restLoad="0.9" repr="1" driveNode="1|0" radius="0.65" initialCompression="20" suspTravel="0.2" spring="35" damper="50"/>
                    </wheel>
                
                    <wheel filename="wheels/TwinRadial/560_60R22_5.xml" isLeft="false" hasParticles="true">
                        <physics restLoad="1.2" repr="2" driveNode="2|0" radius="0.65" initialCompression="20" suspTravel="0.2" spring="35" damper="50" tireTrackAtlasIndex="2"/>
                        <steeringAxle scale="-0.7" rotMax="25" rotMin="-25"/>
                    </wheel>
            
                    <wheel filename="wheels/TwinRadial/560_60R22_5.xml" isLeft="true" hasParticles="true">
                        <physics restLoad="1.2" repr="3" driveNode="3|0" radius="0.65" initialCompression="20" suspTravel="0.2" spring="35" damper="50" tireTrackAtlasIndex="2"/>
                        <steeringAxle scale="-0.7" rotMax="25" rotMin="-25"/>
                    </wheel>
         
                    <wheel filename="wheels/TwinRadial/560_60R22_5.xml" isLeft="false" hasTireTracks="true" hasParticles="true">
                        <physics restLoad="1.6" repr="12" driveNode="12|0" radius="0.65" initialCompression="20" suspTravel="0.2" spring="35" damper="50" tireTrackAtlasIndex="2"/>
                        <steeringAxle scale="0.3" rotMax="10" rotMin="-10"/>
                    </wheel>
            
                    <wheel filename="wheels/TwinRadial/560_60R22_5.xml" isLeft="true" hasTireTracks="true" hasParticles="true">
                        <physics restLoad="1.6" repr="13" driveNode="13|0" radius="0.65" initialCompression="20" suspTravel="0.2" spring="35" damper="50" tireTrackAtlasIndex="2"/>
                        <steeringAxle scale="0.3" rotMax="10" rotMin="-10"/>
               </wheel>
                </wheels>
            </wheelConfiguration>
             
            <wheelConfiguration name="$l10n_configuration_valueWheelBroad" price="0" brand="TRELLEBORG">
                    <wheels autoRotateBackSpeed="2.0">
                    <wheel filename="wheels/T404/600_50R22_5.xml" isLeft="false" hasParticles="true">
                        <physics restLoad="0.9" repr="0" driveNode="0|0" radius="0.65" initialCompression="20" suspTravel="0.2" spring="35" damper="50"/>
                    </wheel>
             
                    <wheel filename="wheels/T404/600_50R22_5.xml" isLeft="true" hasParticles="true">
                        <physics restLoad="0.9" repr="1" driveNode="1|0" radius="0.65" initialCompression="20" suspTravel="0.2" spring="35" damper="50"/>
                    </wheel>
                
                    <wheel filename="wheels/T404/600_50R22_5.xml" isLeft="false" hasParticles="true">
                        <physics restLoad="1.2" repr="2" driveNode="2|0" radius="0.65" initialCompression="20" suspTravel="0.2" spring="35" damper="50" tireTrackAtlasIndex="2"/>
                        <steeringAxle scale="-0.7" rotMax="25" rotMin="-25"/>
                    </wheel>
            
                    <wheel filename="wheels/T404/600_50R22_5.xml" isLeft="true" hasParticles="true">
                        <physics restLoad="1.2" repr="3" driveNode="3|0" radius="0.65" initialCompression="20" suspTravel="0.2" spring="35" damper="50" tireTrackAtlasIndex="2"/>
                        <steeringAxle scale="-0.7" rotMax="25" rotMin="-25"/>
                    </wheel>
         
                    <wheel filename="wheels/T404/600_50R22_5.xml" isLeft="false" hasTireTracks="true" hasParticles="true">
                        <physics restLoad="1.6" repr="12" driveNode="12|0" radius="0.65" initialCompression="20" suspTravel="0.2" spring="35" damper="50" tireTrackAtlasIndex="2"/>
                        <steeringAxle scale="0.3" rotMax="10" rotMin="-10"/>
                    </wheel>
            
                    <wheel filename="wheels/T404/600_50R22_5.xml" isLeft="true" hasTireTracks="true" hasParticles="true">
                        <physics restLoad="1.6" repr="13" driveNode="13|0" radius="0.65" initialCompression="20" suspTravel="0.2" spring="35" damper="50" tireTrackAtlasIndex="2"/>
                        <steeringAxle scale="0.3" rotMax="10" rotMin="-10"/>
                    </wheel>
                </wheels>
            </wheelConfiguration>
             
            <wheelConfiguration name="$l10n_configuration_valueDefault" price="0" brand="MICHELIN">
                    <wheels autoRotateBackSpeed="2.0">
                    <wheel filename="wheels/cargoXBibHD/560_60R22_5.xml" isLeft="false" hasParticles="true">
                        <physics restLoad="0.9" repr="0" driveNode="0|0" radius="0.65" initialCompression="20" suspTravel="0.2" spring="35" damper="50"/>
                    </wheel>
             
                    <wheel filename="wheels/cargoXBibHD/560_60R22_5.xml" isLeft="true" hasParticles="true">
                        <physics restLoad="0.9" repr="1" driveNode="1|0" radius="0.65" initialCompression="20" suspTravel="0.2" spring="35" damper="50"/>
                    </wheel>
                
                    <wheel filename="wheels/cargoXBibHD/560_60R22_5.xml" isLeft="false" hasParticles="true">
                        <physics restLoad="1.2" repr="2" driveNode="2|0" radius="0.65" initialCompression="20" suspTravel="0.2" spring="35" damper="50" tireTrackAtlasIndex="2"/>
                        <steeringAxle scale="-0.7" rotMax="25" rotMin="-25"/>
                    </wheel>
            
                    <wheel filename="wheels/cargoXBibHD/560_60R22_5.xml" isLeft="true" hasParticles="true">
                        <physics restLoad="1.2" repr="3" driveNode="3|0" radius="0.65" initialCompression="20" suspTravel="0.2" spring="35" damper="50" tireTrackAtlasIndex="2"/>
                        <steeringAxle scale="-0.7" rotMax="25" rotMin="-25"/>
                    </wheel>
         
                    <wheel filename="wheels/cargoXBibHD/560_60R22_5.xml" isLeft="false" hasTireTracks="true" hasParticles="true">
                        <physics restLoad="1.6" repr="12" driveNode="12|0" radius="0.65" initialCompression="20" suspTravel="0.2" spring="35" damper="50" tireTrackAtlasIndex="2"/>
                        <steeringAxle scale="0.3" rotMax="10" rotMin="-10"/>
                    </wheel>
            
                    <wheel filename="wheels/cargoXBibHD/560_60R22_5.xml" isLeft="true" hasTireTracks="true" hasParticles="true">
                        <physics restLoad="1.6" repr="13" driveNode="13|0" radius="0.65" initialCompression="20" suspTravel="0.2" spring="35" damper="50" tireTrackAtlasIndex="2"/>
                        <steeringAxle scale="0.3" rotMax="10" rotMin="-10"/>
                    </wheel>
                </wheels>
            </wheelConfiguration>
        </wheelConfigurations>
    </wheels>
    <attachable>
        <inputAttacherJoints>
            <inputAttacherJoint node="0>4|4" jointType="trailerLow" attacherHeight="0.57"/>
        </inputAttacherJoints>
        <support animationName="moveSupport"/>
        <brakeForce>0.9</brakeForce>
        <steeringAxleAngleScale startSpeed="5" endSpeed="90"/>
        <airConsumer usage="0.5"/>
    </attachable>
    <attacherJoints>
        <sounds>
            <attach file="$data/sounds/attach.wav">
                <volume indoor="0.35" outdoor="1.0"/>
                <pitch outdoor="1.0"/>
                <lowpassGain indoor="0.75"/>
            </attach>
        </sounds>
    </attacherJoints>
    <powerTakeOffs>
        <input inputNode="0>4|5" inputAttacherJointIndices="1" aboveAttacher="true"/>
    </powerTakeOffs>
    <lights>
        <realLights>
            <low>
                <light lightTypes="0 3"/>
            </low>
            <high>
                <light node="0>4|9|0|1" lightTypes="0 3"/>
                <turnLightLeft node="0>4|9|1|1"/>
                <turnLightRight node="0>4|9|1|2"/>
                <brakeLight node="0>4|9|0|1"/>
            </high>
        </realLights>
    </lights>
    <animations>
        <animation name="tipAnimationBack">
            <part node="0>4|0" startTime="3" endTime="19" startRot="0 0 0" endRot="-35 0 0"/>
            <part node="0>4|0|0" startTime="0.5" endTime="5" startRot="0 0 0" endRot="90 0 0"/>
        </animation>
        <animation name="moveSupport">
            <part node="0>4|2|0" startTime="0" endTime="1" startRot="0 0 0" endRot="-32.818 0 0"/>
            <part node="0>4|2|1" startTime="0" endTime="1" startRot="17 0 0" endRot="27.695 0 0"/>
            <part node="0>4|2|1|0" startTime="0" endTime="1" startTrans="0 0 -0.026" endTrans="0 0 0.2"/>
            <part node="0>4|10|0" startTime="0" endTime="0.1" visibility="true"/>
            <part node="0>4|10|0" startTime="0.1" endTime="0.2" visibility="false"/>
            <part node="0>4|10|1" startTime="0" endTime="0.1" visibility="false"/>
            <part node="0>4|10|1" startTime="0.1" endTime="0.2" visibility="true"/>
        </animation>
    </animations>
    <cylindered>
        <movingTools>
            <dependentPart node="0>4|0" playSound="true"/>
            <dependentPart node="0>4|0|0" playSound="true"/>
        </movingTools>
        <movingParts>
            <movingPart node="0>4|1" referencePoint="0>4|0|3" referenceFrame="0>10" scaleZ="false">
                <translatingPart node="0>4|1|0"/>
                <translatingPart node="0>4|1|0|0"/>
                <translatingPart node="0>4|1|0|0|0"/>
                <translatingPart node="0>4|1|0|0|0|0"/>
                <translatingPart node="0>4|1|0|0|0|0|0"/>
            </movingPart>
            <movingPart node="0>4|0|4" referencePoint="0>4|0|0|2" referenceFrame="0>10" scaleZ="false">
                <translatingPart node="0>4|0|4|0"/>
            </movingPart>
            <movingPart node="0>4|0|5" referencePoint="0>4|0|0|3" referenceFrame="0>10" scaleZ="false">
                <translatingPart node="0>4|0|5|0"/>
            </movingPart>
        </movingParts>
        <sounds>
            <hydraulic file="$data/sounds/hydraulicUp.wav">
                <volume indoor="0.75" outdoor="0.5"/>
                <pitch outdoor="0.8"/>
            </hydraulic>
        </sounds>
    </cylindered>
    <fillUnit>
        <fillUnitConfigurations>
            <fillUnitConfiguration name="$l10n_configuration_valueDefault" price="0">
                <fillUnits>
                    <fillUnit unit="$l10n_unit_literShort" fillTypeCategories="bulk" capacity="42000">
                        <exactFillRootNode node="0>4|8"/>
                        <fillRootNode node="0>"/>
                        <fillMassNode node="0>"/>
                        <autoAimTargetNode node="0>4|7"startZ="0" endZ="0" invert="false" fillUnitIndex="1" startPercentage="45"/>
                        </fillUnit>
                </fillUnits>
            </fillUnitConfiguration>
        </fillUnitConfigurations>
    </fillUnit>
    <fillVolume>
        <fillVolumeConfigurations>
            <fillVolumeConfiguration>
                <volumes>
                    <volume node="0>4|0|7|0" maxDelta="0.75"/>
                </volumes>
            </fillVolumeConfiguration>
        </fillVolumeConfigurations>
        <unloadInfos>
            <unloadInfo>
                <node node="0>4|0|10" width="1.0" length="1.7"/>
            </unloadInfo>
        </unloadInfos>
    </fillVolume>
    <fillVolumes>
        <heightNodes>
            <heightNode fillVolumeIndex="1">
                <refNode node="0>4|0|11|0"/>
                <refNode node="0>4|0|11|1"/>
                <node node="0>4|0|6|0|0|0" baseScale="0.916 1 1" transAxis="0 0.9 0" orientateToWorldY="true"/>
            </heightNode>
        </heightNodes>
    </fillVolumes>
    <dischargeable>
        <dischargeNode node="0>4|6"emptySpeed="2214" fillUnitIndex="1" unloadInfoIndex="1">
            <info width="1.25"length="0.5" zOffset="-1"/>
            <effects>
				<effectNode effectClass="TipEffect">
                <effectNode effectNode="0>4|0|6|0|0|0" materialType="unloading" materialTypeId="3" fadeTime="0.5" extraDistance="0.25" extraDistanceNode="0>4|6" />
            </effectNode>
            <effectNode effectNode="smokeNorm" materialType="smoke" materialTypeId="1" fadeTime="0.5" />
            </effects>
        </dischargeNode>
      </dischargeable>
    <trailer>
        <trailerConfigurations>
            <trailerConfiguration>
                <trailer>
                    <tipSide name="info_tipSideBack">
                        <animation name="tipAnimationBack" speedScale="1"/>
                    </tipSide>
                </trailer>
            </trailerConfiguration>
        </trailerConfigurations>
    </trailer>
    <washable dirtDuration="60" washDuration="1" workMultiplier="0.05"/>
    <!--Non converted elements:


<?xml version="1.0" encoding="utf-8" standalone="no"?>

<vehicle>
<movingTools>
<movingTool>
<dependentpart index="0>4|1"/>
</movingTool>
<movingTool>
<dependentpart index="0>4|0|4"/>
<dependentpart index="0>4|0|5"/>
</movingTool>
</movingTools>
</vehicle>

-->
</vehicle>
